Pair,Session,LexicalRateTraining,LexicalLevelTraining,SemanticLevelTraining,LexicalRateTest,LexicalLevelTest,SemanticLevelTest,PerformanceTrainingP,PerformanceTraining,PerformanceTestP,PerformanceTest,PerformanceCycleP,PerformanceCycle,Effort,Motivation
1,1,0.2058943002049619,0.011381665160794321,0.7573909789532092,0.6136215854233559,-0.013120640581652748,1.3894965982408156,0.6478293107625748,0.8541666666666666,-0.9106907487297026,0.25,0.767,1,2,1
1,1,0.2058943002049619,0.011381665160794321,0.7573909789532092,0.6136215854233559,-0.013120640581652748,1.3894965982408156,0.6478293107625748,0.8541666666666666,-0.9106907487297026,0.25,0.767,1,3,1
1,2,0.5856363904275308,0.2660312763063635,1.3989803945211805,0.31302779182639184,-0.15469406104151587,0.5053516242830407,1.5452349980233637,0.8333333333333334,1.2846857641815912,1,0.8085,1,2,1
1,2,0.5856363904275308,0.2660312763063635,1.3989803945211805,0.31302779182639184,-0.15469406104151587,0.5053516242830407,1.5452349980233637,0.8333333333333334,1.2846857641815912,1,0.8085,1,3,1
1,3,0.42434296769131913,-0.20256128926014008,0.9215517120435165,0.03310420082850782,-0.12862989085266713,0.3893393040075972,1.422400979348276,0.71875,1.5793294881609208,1,0.68125,1,2,1
1,3,0.42434296769131913,-0.20256128926014008,0.9215517120435165,0.03310420082850782,-0.12862989085266713,0.3893393040075972,1.422400979348276,0.71875,1.5793294881609208,1,0.68125,1,3,1
10,1,-0.4519240700775928,0.26467356056539987,-1.8529545537528056,-0.3726650895081712,0.02096370905266224,-1.8468768009000465,-1.0274562843609993,0.65625,0.17379835670467983,0.625,0.7145,1,2,2
10,1,-0.4519240700775928,0.26467356056539987,-1.8529545537528056,-0.3726650895081712,0.02096370905266224,-1.8468768009000465,-1.0274562843609993,0.65625,0.17379835670467983,0.625,0.7145,1,2,1
10,2,-0.7436943920684245,0.31694934246549694,-2.340348768075354,-0.43096309873410177,0.40025762505095674,-1.8661443660570258,-0.5885458665279685,0.5625,0.7285080583819566,0.875,0.49225,0,2,2
10,2,-0.7436943920684245,0.31694934246549694,-2.340348768075354,-0.43096309873410177,0.40025762505095674,-1.8661443660570258,-0.5885458665279685,0.5625,0.7285080583819566,0.875,0.49225,0,2,1
10,3,-0.5800513783310005,0.6338928705298307,-2.1222244889591106,-0.17930734526563882,1.3482188302699427,0.50487065547168,-0.31676142307707983,0.5625,0.8340325020376447,0.75,0.5655,0,2,2
10,3,-0.5800513783310005,0.6338928705298307,-2.1222244889591106,-0.17930734526563882,1.3482188302699427,0.50487065547168,-0.31676142307707983,0.5625,0.8340325020376447,0.75,0.5655,0,2,1
11,1,0.6067868102187419,0.8876869563217444,1.37491865272262,0.5488026860831922,0.114826453518151,1.7317342342721964,0.21884398581805858,0.8125,-1.1473391992201851,0.375,0.65725,0,6,2
11,1,0.6067868102187419,0.8876869563217444,1.37491865272262,0.5488026860831922,0.114826453518151,1.7317342342721964,0.21884398581805858,0.8125,-1.1473391992201851,0.375,0.65725,0,2,2
11,2,0.36174880614181293,0.8667349540037126,1.24114838458606,0.9129082622757164,0.5529863107150779,2.0281184793795832,1.7556561291639894,0.7604166666666666,-0.7938550871672518,0.375,0.71925,0,6,2
11,2,0.36174880614181293,0.8667349540037126,1.24114838458606,0.9129082622757164,0.5529863107150779,2.0281184793795832,1.7556561291639894,0.7604166666666666,-0.7938550871672518,0.375,0.71925,0,2,2
11,3,0.45098820012366575,0.556955374287784,1.3176796975061726,-0.06752736013914033,0.7330239679544569,0.5350961231271023,1.7576072273442795,0.84375,-0.5135364614650537,0.625,0.9275,1,6,2
11,3,0.45098820012366575,0.556955374287784,1.3176796975061726,-0.06752736013914033,0.7330239679544569,0.5350961231271023,1.7576072273442795,0.84375,-0.5135364614650537,0.625,0.9275,1,2,2
12,1,0.43500576210259195,-0.25978918158116704,0.6046713561221799,0.5264478758969418,-0.029411988396499552,0.7733222321025222,-1.0445444964749715,0.65625,0.8499880870136006,0.875,0.4655,1,1,3
12,1,0.43500576210259195,-0.25978918158116704,0.6046713561221799,0.5264478758969418,-0.029411988396499552,0.7733222321025222,-1.0445444964749715,0.65625,0.8499880870136006,0.875,0.4655,1,4,4
12,2,0.40530515409034445,-0.17819493720108148,0.7373135636726533,0.42995837998000763,-0.017619935422895097,0.7078069342203193,0.05508668052250682,0.6041666666666666,0.18927759569532993,0.75,0.56575,1,1,3
12,2,0.40530515409034445,-0.17819493720108148,0.7373135636726533,0.42995837998000763,-0.017619935422895097,0.7078069342203193,0.05508668052250682,0.6041666666666666,0.18927759569532993,0.75,0.56575,1,4,4
12,3,0.3840874869111565,-0.08892676296901927,0.37405295646298387,0.11559607830906554,0.16543574973972366,0.38517542123804394,0.296869996392444,0.65625,-0.08596169756297327,0.5,0.54775,1,1,3
12,3,0.3840874869111565,-0.08892676296901927,0.37405295646298387,0.11559607830906554,0.16543574973972366,0.38517542123804394,0.296869996392444,0.65625,-0.08596169756297327,0.5,0.54775,1,4,4
13,1,-0.2826379596827404,-0.30448830455973924,-0.66731454796984635,-0.46019653126447435,-0.028888553797152505,0.1182031969124269,NA,NA,NA,NA,NA,NA,5,5
13,1,-0.2826379596827404,-0.30448830455973924,-0.66731454796984635,-0.46019653126447435,-0.028888553797152505,0.1182031969124269,NA,NA,NA,NA,NA,NA,NA,NA
13,2,0.17191399262725213,-0.28909170401338,0.7053133304029384,-0.22492826541010158,-0.11982407389285135,-0.5044910213531042,NA,NA,NA,NA,NA,NA,5,5
13,2,0.17191399262725213,-0.28909170401338,0.7053133304029384,-0.22492826541010158,-0.11982407389285135,-0.5044910213531042,NA,NA,NA,NA,NA,NA,NA,NA
13,3,-0.06788844071175312,-0.21858580533445507,0.3027625329314709,-0.013597353298579697,-0.301838777397357,-0.9221756137154394,NA,NA,NA,NA,NA,NA,5,5
13,3,-0.06788844071175312,-0.21858580533445507,0.3027625329314709,-0.013597353298579697,-0.301838777397357,-0.9221756137154394,NA,NA,NA,NA,NA,NA,NA,NA
14,1,0.0838676525554224,0.6157714834716732,0.6927348765717842,-0.27131231381881604,0.018233152609674248,-1.0362605162597884,0.6243330191058628,0.8645833333333334,0.9584369975570394,0.875,0.682,0,2,2
14,1,0.0838676525554224,0.6157714834716732,0.6927348765717842,-0.27131231381881604,0.018233152609674248,-1.0362605162597884,0.6243330191058628,0.8645833333333334,0.9584369975570394,0.875,0.682,0,5,4
14,2,0.3019306078706205,-0.14140030138424528,0.6718363599022752,-0.1588360491058295,-0.2782745888538046,-0.9620836135841448,-0.4693945372209531,0.6041666666666666,0.6953839013883495,0.875,0.72575,1,2,2
14,2,0.3019306078706205,-0.14140030138424528,0.6718363599022752,-0.1588360491058295,-0.2782745888538046,-0.9620836135841448,-0.4693945372209531,0.6041666666666666,0.6953839013883495,0.875,0.72575,1,5,4
14,3,0.08615677774946669,-0.09367930456513583,0.48641235754849593,-0.2647509837305749,-0.05511428189216136,-1.0133024147764194,-0.6420510985360284,0.4895833333333333,0.5273122035659765,0.625,0.492,0,2,2
14,3,0.08615677774946669,-0.09367930456513583,0.48641235754849593,-0.2647509837305749,-0.05511428189216136,-1.0133024147764194,-0.6420510985360284,0.4895833333333333,0.5273122035659765,0.625,0.492,0,5,4
15,1,NA,NA,NA,NA,NA,NA,0.7780319936198712,0.875,1.1501976539484164,0.875,0.8045,0,2,1
15,1,NA,NA,NA,NA,NA,NA,0.7780319936198712,0.875,1.1501976539484164,0.875,0.8045,0,2,2
15,2,NA,NA,NA,NA,NA,NA,2.2244907075242035,0.8645833333333334,1.6725465326997575,1,0.8825,1,2,1
15,2,NA,NA,NA,NA,NA,NA,2.2244907075242035,0.8645833333333334,1.6725465326997575,1,0.8825,1,2,2
15,3,NA,NA,NA,NA,NA,NA,2.153769950825738,0.84375,1.696183254046051,1,0.85525,1,2,1
15,3,NA,NA,NA,NA,NA,NA,2.153769950825738,0.84375,1.696183254046051,1,0.85525,1,2,2
16,1,-0.126467082624525,-0.27140521593323963,-0.2090179923631989,0.07045745792549361,-0.005762895630789839,0.2164644716426306,0.3563566260796643,0.8229166666666666,1.1193148516082319,1,0.583,0,3,2
16,1,-0.126467082624525,-0.27140521593323963,-0.2090179923631989,0.07045745792549361,-0.005762895630789839,0.2164644716426306,0.3563566260796643,0.8229166666666666,1.1193148516082319,1,0.583,0,1,1
16,2,-0.07489860895379838,-0.20424300292882488,0.009119345759111146,-0.15484384248448985,-0.11619116019478468,0.04801054104667811,0.06288652328124733,0.6875,0.607758951201773,0.625,0.32825,0,3,2
16,2,-0.07489860895379838,-0.20424300292882488,0.009119345759111146,-0.15484384248448985,-0.11619116019478468,0.04801054104667811,0.06288652328124733,0.6875,0.607758951201773,0.625,0.32825,0,1,1
16,3,0.014410251446652712,-0.30836095640728745,0.036166126367284245,0.022130149955888398,-0.478860836139922,-0.1866908204352636,-0.02933304758965412,0.5416666666666666,0.3862875445947639,0.75,0.65175,1,3,2
16,3,0.014410251446652712,-0.30836095640728745,0.036166126367284245,0.022130149955888398,-0.478860836139922,-0.1866908204352636,-0.02933304758965412,0.5416666666666666,0.3862875445947639,0.75,0.65175,1,1,1
17,1,-0.10031485966300621,0.26415835137122506,0.05385340224405912,-0.3203290160352025,0.03699594596942081,-0.8291198873408191,0.29868391019500706,0.8333333333333334,0.3662772178016429,0.75,0.74675,1,7,4
17,1,-0.10031485966300621,0.26415835137122506,0.05385340224405912,-0.3203290160352025,0.03699594596942081,-0.8291198873408191,0.29868391019500706,0.8333333333333334,0.3662772178016429,0.75,0.74675,1,6,3
17,2,-0.6702870523904303,0.34523573346564773,-1.2229095871403888,0.16134142959871006,0.6651840058178408,0.1933857968704874,-1.030692176941301,0.4895833333333333,0.0667952477422249,0.625,0.33225,0,7,4
17,2,-0.6702870523904303,0.34523573346564773,-1.2229095871403888,0.16134142959871006,0.6651840058178408,0.1933857968704874,-1.030692176941301,0.4895833333333333,0.0667952477422249,0.625,0.33225,0,6,3
17,3,-0.5226751084843647,1.369169456065456,-0.9549866731994143,-0.07938282540159051,1.6050454818452913,0.7588090697297166,-1.049304725512878,0.4895833333333333,0.026724672962487733,0.625,0.36425,0,7,4
17,3,-0.5226751084843647,1.369169456065456,-0.9549866731994143,-0.07938282540159051,1.6050454818452913,0.7588090697297166,-1.049304725512878,0.4895833333333333,0.026724672962487733,0.625,0.36425,0,6,3
18,1,0.2759204127273707,0.05495966032176828,0.779569758355064,0.1438461996373273,-0.0039826197085542575,-0.13234310344259564,0.7197422034088758,0.8645833333333334,1.0796340416246235,1,0.924,1,5,4
18,1,0.2759204127273707,0.05495966032176828,0.779569758355064,0.1438461996373273,-0.0039826197085542575,-0.13234310344259564,0.7197422034088758,0.8645833333333334,1.0796340416246235,1,0.924,1,3,4
18,2,0.39143913436014843,-0.21215959606110077,0.5520220238346337,-0.25557933819111084,0.2071400490991288,-0.2544572791045779,-0.2517847450302945,0.6979166666666666,0.071994970060989,0.625,0.81025,1,5,4
18,2,0.39143913436014843,-0.21215959606110077,0.5520220238346337,-0.25557933819111084,0.2071400490991288,-0.2544572791045779,-0.2517847450302945,0.6979166666666666,0.071994970060989,0.625,0.81025,1,3,4
18,3,0.09300428944531575,0.07885711537272208,0.5997467118340666,-0.16266598902100365,-0.1025398947133618,-0.639021501365165,-0.47170786896857647,0.4479166666666667,-0.3245034079504495,0.5,0.373,0,5,4
18,3,0.09300428944531575,0.07885711537272208,0.5997467118340666,-0.16266598902100365,-0.1025398947133618,-0.639021501365165,-0.47170786896857647,0.4479166666666667,-0.3245034079504495,0.5,0.373,0,3,4
19,1,0.09089946739808288,-0.0978782655159538,-0.040603153491997,0.08366195418672752,-0.0378820670719432,0.20665925329294005,-0.4780939985247213,0.7083333333333334,-0.05171792084922485,0.625,0.6115,1,6,1
19,1,0.09089946739808288,-0.0978782655159538,-0.040603153491997,0.08366195418672752,-0.0378820670719432,0.20665925329294005,-0.4780939985247213,0.7083333333333334,-0.05171792084922485,0.625,0.6115,1,2,3
19,2,0.052631043991803905,-0.07495604188123031,-0.013781300215195594,0.2732768238872752,-0.1812533133815463,0.1845176994961619,-0.48781730015484176,0.6770833333333334,-0.590873334427357,0.625,0.66875,0,6,1
19,2,0.052631043991803905,-0.07495604188123031,-0.013781300215195594,0.2732768238872752,-0.1812533133815463,0.1845176994961619,-0.48781730015484176,0.6770833333333334,-0.590873334427357,0.625,0.66875,0,2,3
19,3,0.054692134757426764,-0.08351997904932015,0.006706706639636438,0.12493681526678192,-0.31051863939596874,-0.46858033324047665,-0.35046907095522994,0.46875,-0.7215728378197506,0.375,0.51725,0,6,1
19,3,0.054692134757426764,-0.08351997904932015,0.006706706639636438,0.12493681526678192,-0.31051863939596874,-0.46858033324047665,-0.35046907095522994,0.46875,-0.7215728378197506,0.375,0.51725,0,2,3
2,1,-0.007927685239683612,0.1456623659713609,0.14495633912728642,0.16869068168182305,-0.02981981008979081,0.7830576395825117,0.9675450126894126,0.9166666666666666,-0.8171445858271671,0.5,0.876,1,6,2
2,1,-0.007927685239683612,0.1456623659713609,0.14495633912728642,0.16869068168182305,-0.02981981008979081,0.7830576395825117,0.9675450126894126,0.9166666666666666,-0.8171445858271671,0.5,0.876,1,6,4
2,2,0.389904078481661,-0.23888734333375086,0.6094370267699257,0.26654747351624386,-0.3417991692581008,0.6887996156763267,0.31876793199333364,0.6458333333333334,-1.2242765457760412,0.25,0.70425,0,6,2
2,2,0.389904078481661,-0.23888734333375086,0.6094370267699257,0.26654747351624386,-0.3417991692581008,0.6887996156763267,0.31876793199333364,0.6458333333333334,-1.2242765457760412,0.25,0.70425,0,6,4
2,3,0.21876637851913205,-0.23061379086031544,0.26233579206473884,0.11810750949951075,-0.48760960255835173,0.7632151972988755,0.004439840897292689,0.59375,-1.1646503124598016,0.5,0.71075,1,6,2
2,3,0.21876637851913205,-0.23061379086031544,0.26233579206473884,0.11810750949951075,-0.48760960255835173,0.7632151972988755,0.004439840897292689,0.59375,-1.1646503124598016,0.5,0.71075,1,6,4
20,1,-0.2911168595379001,-0.4588870422980023,-0.5368904248945678,-0.15757949696667906,-0.03336119799406631,-0.9474967024932618,-0.8967314616891102,0.65625,-1.14859605745496,0.375,0.47425,1,2,6
20,1,-0.2911168595379001,-0.4588870422980023,-0.5368904248945678,-0.15757949696667906,-0.03336119799406631,-0.9474967024932618,-0.8967314616891102,0.65625,-1.14859605745496,0.375,0.47425,1,1,1
20,2,-0.2600597644415102,-0.09619559792061277,-0.20830004867463822,-0.34834438047365246,-0.24458536819473584,-1.3101242351713076,-0.13985118066420252,0.6979166666666666,-1.354462186053241,0.375,0.894,1,2,6
20,2,-0.2600597644415102,-0.09619559792061277,-0.20830004867463822,-0.34834438047365246,-0.24458536819473584,-1.3101242351713076,-0.13985118066420252,0.6979166666666666,-1.354462186053241,0.375,0.894,1,1,1
20,3,0.13840892366642835,-0.5253134874159868,0.09107807989825348,-0.12171650337247729,-0.5487135619201731,-0.9872912983556842,0.058372077502332996,0.53125,-1.2313286382145119,0.375,0.9405,1,2,6
20,3,0.13840892366642835,-0.5253134874159868,0.09107807989825348,-0.12171650337247729,-0.5487135619201731,-0.9872912983556842,0.058372077502332996,0.53125,-1.2313286382145119,0.375,0.9405,1,1,1
21,1,-0.5885872150545202,0.19622550757542243,-1.8482265480396356,-0.6214112141470831,0.031055439786355225,-2.646862277177232,-1.20543476025361,0.6145833333333334,0.3280328172292051,0.75,0.55575,0,3,3
21,1,-0.5885872150545202,0.19622550757542243,-1.8482265480396356,-0.6214112141470831,0.031055439786355225,-2.646862277177232,-1.20543476025361,0.6145833333333334,0.3280328172292051,0.75,0.55575,0,4,4
21,2,-0.7031151711942378,0.7132648280848514,-2.2332505109145018,-0.3994812482749344,0.40938941457368766,-1.854562288103749,-0.9834856659163916,0.6458333333333334,-0.4930415219113549,0.625,0.62325,1,3,3
21,2,-0.7031151711942378,0.7132648280848514,-2.2332505109145018,-0.3994812482749344,0.40938941457368766,-1.854562288103749,-0.9834856659163916,0.6458333333333334,-0.4930415219113549,0.625,0.62325,1,4,4
21,3,-0.7916138427169608,0.48763200388317735,-2.6250044414563343,-0.0047147034680224565,0.36058332303177965,-0.16995902585795256,-0.662754118394092,0.4166666666666667,-0.7342417197131453,0.375,0.5915,1,3,3
21,3,-0.7916138427169608,0.48763200388317735,-2.6250044414563343,-0.0047147034680224565,0.36058332303177965,-0.16995902585795256,-0.662754118394092,0.4166666666666667,-0.7342417197131453,0.375,0.5915,1,4,4
22,1,0.5280841796802613,-0.3698586138753812,1.6284916956176172,0.08950538631584527,-0.03631518715709175,0.3692230734944312,-3.121284408137219,0.3854166666666667,-0.21492994019357126,0.5,0.31875,1,5,3
22,1,0.5280841796802613,-0.3698586138753812,1.6284916956176172,0.08950538631584527,-0.03631518715709175,0.3692230734944312,-3.121284408137219,0.3854166666666667,-0.21492994019357126,0.5,0.31875,1,6,2
22,2,0.30651131757392813,-0.23146425518426422,0.9344150534760063,0.1216451822539708,-0.1777650608117539,0.7158314862999146,-0.6337733129723023,0.6145833333333334,0.9332230518947722,0.875,0.58975,1,5,3
22,2,0.30651131757392813,-0.23146425518426422,0.9344150534760063,0.1216451822539708,-0.1777650608117539,0.7158314862999146,-0.6337733129723023,0.6145833333333334,0.9332230518947722,0.875,0.58975,1,6,2
22,3,0.2130639478880253,-0.2601831776947655,0.6994647111425764,0.23526706700223696,-0.3660984850372586,1.7086411350398127,0.03112324989502871,0.5625,1.1404194088805393,0.875,0.34275,0,5,3
22,3,0.2130639478880253,-0.2601831776947655,0.6994647111425764,0.23526706700223696,-0.3660984850372586,1.7086411350398127,0.03112324989502871,0.5625,1.1404194088805393,0.875,0.34275,0,6,2
23,1,NA,NA,NA,NA,NA,NA,1.0238886454096492,0.9375,0.11795794084539295,0.75,0.8775,1,2,1
23,1,NA,NA,NA,NA,NA,NA,1.0238886454096492,0.9375,0.11795794084539295,0.75,0.8775,1,3,4
23,2,NA,NA,NA,NA,NA,NA,-1.8948740091624086,0.40625,-1.5982713881108372,0.375,0.33425,0,2,1
23,2,NA,NA,NA,NA,NA,NA,-1.8948740091624086,0.40625,-1.5982713881108372,0.375,0.33425,0,3,4
23,3,NA,NA,NA,NA,NA,NA,-2.006754153339534,0.3645833333333333,-1.8804421394366184,0.125,0.15075,0,2,1
23,3,NA,NA,NA,NA,NA,NA,-2.006754153339534,0.3645833333333333,-1.8804421394366184,0.125,0.15075,0,3,4
24,1,-0.8777081596877653,-0.03418189307720303,-2.1248509734201133,-0.361918582160531,0.026151420978481322,-0.4568497694584369,1.1804356552759858,0.9270833333333334,1.2986864768282569,1,0.9415,1,3,3
24,1,-0.8777081596877653,-0.03418189307720303,-2.1248509734201133,-0.361918582160531,0.026151420978481322,-0.4568497694584369,1.1804356552759858,0.9270833333333334,1.2986864768282569,1,0.9415,1,3,1
24,2,-0.339347964850887,-0.17474787818845697,-0.531024725890274,-0.6787169279646287,0.10209838620885733,-1.5358831664561914,0.3325049684937999,0.7708333333333334,1.066297426793508,0.875,0.82525,1,3,3
24,2,-0.339347964850887,-0.17474787818845697,-0.531024725890274,-0.6787169279646287,0.10209838620885733,-1.5358831664561914,0.3325049684937999,0.7708333333333334,1.066297426793508,0.875,0.82525,1,3,1
24,3,-0.4294160144572978,-0.3799346460182986,-0.5547964072756094,-0.2330198970948249,-0.21288384022739465,-2.2647744590618037,-0.10433800083593753,0.4791666666666667,0.8777068054069801,0.75,0.318,0,3,3
24,3,-0.4294160144572978,-0.3799346460182986,-0.5547964072756094,-0.2330198970948249,-0.21288384022739465,-2.2647744590618037,-0.10433800083593753,0.4791666666666667,0.8777068054069801,0.75,0.318,0,3,1
25,1,-0.3365252928575472,-0.26617409686106425,-0.4203996801232588,-0.179306747961123,-0.05305092725309947,0.4715723926788451,0.4573432129476545,0.84375,-1.4523966479177042,0.25,0.83825,1,2,3
25,1,-0.3365252928575472,-0.26617409686106425,-0.4203996801232588,-0.179306747961123,-0.05305092725309947,0.4715723926788451,0.4573432129476545,0.84375,-1.4523966479177042,0.25,0.83825,1,6,2
25,2,-0.026137337038163965,-0.19907781496043903,0.11266594837785375,-0.29610320017924524,-0.19966063928045347,-0.05742839860399815,-0.7019346254386026,0.5833333333333334,-0.3476418792940683,0.5,0.67775,1,2,3
25,2,-0.026137337038163965,-0.19907781496043903,0.11266594837785375,-0.29610320017924524,-0.19966063928045347,-0.05742839860399815,-0.7019346254386026,0.5833333333333334,-0.3476418792940683,0.5,0.67775,1,6,2
25,3,-0.18404834890406815,-0.3602058684213431,-0.10565995678329321,0.046315617283782536,-0.450712853351444,0.814757504524333,-0.8075882699221435,0.46875,0.049061912090315796,0.75,0.4395,0,2,3
25,3,-0.18404834890406815,-0.3602058684213431,-0.10565995678329321,0.046315617283782536,-0.450712853351444,0.814757504524333,-0.8075882699221435,0.46875,0.049061912090315796,0.75,0.4395,0,6,2
26,1,0.13130743754006738,-0.2014590634567665,0.06809033232685638,0.025954963216045873,-0.003462606264053039,0.1043300077791899,0.06531114669960308,0.7708333333333334,1.145888425714903,0.875,0.81,0,4,1
26,1,0.13130743754006738,-0.2014590634567665,0.06809033232685638,0.025954963216045873,-0.003462606264053039,0.1043300077791899,0.06531114669960308,0.7708333333333334,1.145888425714903,0.875,0.81,0,5,3
26,2,-0.2294781106453448,-0.16189812258878752,-0.5826528030600456,-0.26080439920696047,-0.012040112207835393,0.0882522928168773,2.366779630089421,0.9270833333333334,1.6889160288884588,1,0.91475,1,4,1
26,2,-0.2294781106453448,-0.16189812258878752,-0.5826528030600456,-0.26080439920696047,-0.012040112207835393,0.0882522928168773,2.366779630089421,0.9270833333333334,1.6889160288884588,1,0.91475,1,5,3
26,3,0.0488865290506277,-0.42953140030839265,0.15687923094538792,-0.11210603949863895,-0.611961691726107,-1.138371594441216,2.4396108048324514,0.84375,1.6881818549554855,1,0.83425,1,4,1
26,3,0.0488865290506277,-0.42953140030839265,0.15687923094538792,-0.11210603949863895,-0.611961691726107,-1.138371594441216,2.4396108048324514,0.84375,1.6881818549554855,1,0.83425,1,5,3
3,1,-0.23454928889868254,-0.11943738618930093,-0.7343950319176639,-0.4503277586183086,-0.004968322079798369,-0.8563578043507121,-0.5853225295398985,0.7083333333333334,0.5914343930027549,0.75,0.541,1,2,2
3,1,-0.23454928889868254,-0.11943738618930093,-0.7343950319176639,-0.4503277586183086,-0.004968322079798369,-0.8563578043507121,-0.5853225295398985,0.7083333333333334,0.5914343930027549,0.75,0.541,1,3,2
3,2,-0.47183370407128344,-0.08428970481645282,-0.9892103904919467,-0.1275831902065774,0.05081227660949832,-0.22622557521352732,-0.15908885254303393,0.625,0.8446351901676834,0.875,0.44525,1,2,2
3,2,-0.47183370407128344,-0.08428970481645282,-0.9892103904919467,-0.1275831902065774,0.05081227660949832,-0.22622557521352732,-0.15908885254303393,0.625,0.8446351901676834,0.875,0.44525,1,3,2
3,3,-0.47997298934958477,-0.1657347574845898,-1.1362046874484135,0.09321247495741271,-0.4198488436099427,-0.4466565643723059,-3.879641536422372e-4,0.5833333333333334,0.8392000722836345,0.75,0.44425,0,2,2
3,3,-0.47997298934958477,-0.1657347574845898,-1.1362046874484135,0.09321247495741271,-0.4198488436099427,-0.4466565643723059,-3.879641536422372e-4,0.5833333333333334,0.8392000722836345,0.75,0.44425,0,3,2
4,1,0.08435624142204529,0.3143595528912007,0.3687628578013702,0.2711288842909121,0.03145838645342871,0.6697627771334692,0.4496060502404949,0.8333333333333334,0.8401127723117975,0.875,0.83675,1,2,2
4,1,0.08435624142204529,0.3143595528912007,0.3687628578013702,0.2711288842909121,0.03145838645342871,0.6697627771334692,0.4496060502404949,0.8333333333333334,0.8401127723117975,0.875,0.83675,1,1,3
4,2,0.12565480250655012,0.23769542993204065,0.5753728243578892,0.38043179308783204,-0.08746810521401009,0.9238115349333381,-0.1142106527893904,0.6770833333333334,0.4273093285098552,0.75,0.70625,0,2,2
4,2,0.12565480250655012,0.23769542993204065,0.5753728243578892,0.38043179308783204,-0.08746810521401009,0.9238115349333381,-0.1142106527893904,0.6770833333333334,0.4273093285098552,0.75,0.70625,0,1,3
4,3,0.49792311381468246,0.06918955712549184,1.0972616721335566,-0.2020032680846773,0.7813864244167653,-0.687327484912689,-0.22966521033386006,0.5104166666666666,0.25959872566081377,0.625,0.49225,0,2,2
4,3,0.49792311381468246,0.06918955712549184,1.0972616721335566,-0.2020032680846773,0.7813864244167653,-0.687327484912689,-0.22966521033386006,0.5104166666666666,0.25959872566081377,0.625,0.49225,0,1,3
5,1,-0.1611755070396046,-0.1296131972580934,0.22570358243967953,-0.1611269310817782,-0.024857230750244288,0.43433581245313474,1.1445741434645802,0.9270833333333334,-1.459040041444372,0.25,0.8705,1,3,2
5,1,-0.1611755070396046,-0.1296131972580934,0.22570358243967953,-0.1611269310817782,-0.024857230750244288,0.43433581245313474,1.1445741434645802,0.9270833333333334,-1.459040041444372,0.25,0.8705,1,2,2
5,2,-0.05959511308926238,-0.3118449883505826,0.17694901412914402,-0.39244476263673245,-0.23016690012468444,0.581118859822701,-0.5761185051175891,0.65625,-1.5033283102163704,0.5,0.655,1,3,2
5,2,-0.05959511308926238,-0.3118449883505826,0.17694901412914402,-0.39244476263673245,-0.23016690012468444,0.581118859822701,-0.5761185051175891,0.65625,-1.5033283102163704,0.5,0.655,1,2,2
5,3,-0.20868086477793663,-0.33093686509087444,0.2261635045554704,-0.03814541500994125,-0.5177104953408437,-0.015476619238897156,-0.9570327578051421,0.3958333333333333,-1.333346476619219,0.25,0.54375,1,3,2
5,3,-0.20868086477793663,-0.33093686509087444,0.2261635045554704,-0.03814541500994125,-0.5177104953408437,-0.015476619238897156,-0.9570327578051421,0.3958333333333333,-1.333346476619219,0.25,0.54375,1,2,2
6,1,0.2777721793684163,0.08624532579038771,0.6492347104342171,0.07074430233481467,-0.0020521048967315878,0.6203691096295606,0.7589738903872044,0.8854166666666666,-1.1976135286111829,0.25,0.8635,1,4,4
6,1,0.2777721793684163,0.08624532579038771,0.6492347104342171,0.07074430233481467,-0.0020521048967315878,0.6203691096295606,0.7589738903872044,0.8854166666666666,-1.1976135286111829,0.25,0.8635,1,1,1
6,2,-0.144501259786568,-0.13978439616626312,-0.28575048467318914,0.1481148463291502,-0.2199594448085656,0.6989699411911812,0.13340525090970295,0.6458333333333334,0.14267267713455703,0.75,0.40725,0,4,4
6,2,-0.144501259786568,-0.13978439616626312,-0.28575048467318914,0.1481148463291502,-0.2199594448085656,0.6989699411911812,0.13340525090970295,0.6458333333333334,0.14267267713455703,0.75,0.40725,0,1,1
6,3,-0.18717257625303266,-0.10240289204274104,-0.25433104594447953,0.33576330658915704,-0.17814478718683685,2.3933767727379704,-0.07358792722322505,0.5729166666666666,0.5354802984709285,0.75,0.3115,0,4,4
6,3,-0.18717257625303266,-0.10240289204274104,-0.25433104594447953,0.33576330658915704,-0.17814478718683685,2.3933767727379704,-0.07358792722322505,0.5729166666666666,0.5354802984709285,0.75,0.3115,0,1,1
7,1,0.492151790560528,-0.4073539627365664,1.503452993813463,0.39642989043849947,-0.015709859815157826,0.9091049130361161,-1.3163182699709424,0.59375,-1.5454041572910504,0.25,0.57675,0,2,3
7,1,0.492151790560528,-0.4073539627365664,1.503452993813463,0.39642989043849947,-0.015709859815157826,0.9091049130361161,-1.3163182699709424,0.59375,-1.5454041572910504,0.25,0.57675,0,2,3
7,2,0.3052505862998648,-0.2596316018768345,1.2543252668899563,0.24421941778517509,-0.23891357213585912,1.567233111009617,0.14912135199074616,0.7708333333333334,-1.4723225586118895,0.375,0.61075,1,2,3
7,2,0.3052505862998648,-0.2596316018768345,1.2543252668899563,0.24421941778517509,-0.23891357213585912,1.567233111009617,0.14912135199074616,0.7708333333333334,-1.4723225586118895,0.375,0.61075,1,2,3
7,3,0.5065519067334122,-0.020774548250351084,1.72056240653859,0.10829810269973046,-0.2271684437623309,-0.05219251734355388,0.4186524661457611,0.5416666666666666,-1.2254942847109749,0.375,0.617,1,2,3
7,3,0.5065519067334122,-0.020774548250351084,1.72056240653859,0.10829810269973046,-0.2271684437623309,-0.05219251734355388,0.4186524661457611,0.5416666666666666,-1.2254942847109749,0.375,0.617,1,2,3
8,1,0.18310373719097392,0.015893364677177113,-0.41717863055631904,0.31591002972344484,0.016256189443611683,-0.045468850827898054,-0.30237021728603763,0.7291666666666666,-1.1624214980374845,0.375,0.72575,0,1,2
8,1,0.18310373719097392,0.015893364677177113,-0.41717863055631904,0.31591002972344484,0.016256189443611683,-0.045468850827898054,-0.30237021728603763,0.7291666666666666,-1.1624214980374845,0.375,0.72575,0,2,1
8,2,0.21849912358174797,0.17367899640263168,-0.5716699175440937,0.37495751928911786,0.14227591226533184,-0.3598079733986008,-0.32946302981789244,0.6979166666666666,-1.088698600871975,0.375,0.381,1,1,2
8,2,0.21849912358174797,0.17367899640263168,-0.5716699175440937,0.37495751928911786,0.14227591226533184,-0.3598079733986008,-0.32946302981789244,0.6979166666666666,-1.088698600871975,0.375,0.381,1,2,1
8,3,0.23099209930128417,0.5223881995368616,-0.5456164975455458,0.19886011650761634,0.3032068813892013,0.7385390639417344,-0.2431700163547185,0.4791666666666667,-0.8854348233619513,0.5,0.5695,1,1,2
8,3,0.23099209930128417,0.5223881995368616,-0.5456164975455458,0.19886011650761634,0.3032068813892013,0.7385390639417344,-0.2431700163547185,0.4791666666666667,-0.8854348233619513,0.5,0.5695,1,2,1
9,1,NA,NA,NA,NA,NA,NA,0.28605762013301705,0.8125,1.0875342933860654,1,0.7,0,4,4
9,1,NA,NA,NA,NA,NA,NA,0.28605762013301705,0.8125,1.0875342933860654,1,0.7,0,3,4
9,2,NA,NA,NA,NA,NA,NA,-0.5828997116951494,0.6354166666666666,0.04676668769957892,0.625,0.30625,0,4,4
9,2,NA,NA,NA,NA,NA,NA,-0.5828997116951494,0.6354166666666666,0.04676668769957892,0.625,0.30625,0,3,4
9,3,NA,NA,NA,NA,NA,NA,-0.6379409401818538,0.4583333333333333,-0.3390059438020996,0.5,0.36975,0,4,4
9,3,NA,NA,NA,NA,NA,NA,-0.6379409401818538,0.4583333333333333,-0.3390059438020996,0.5,0.36975,0,3,4
